product 1, desc1, 23 Oct 2015 11:37:38
product 2, desc2, 21 Oct 2015 11:37:38
product 3, desc3, 19 Oct 2015 11:37:38

product 4, desc4, 11 Oct 2015 11:37:38
product 1, desc5, 10 Jul 2015 11:37:38

product 2, desc4, 2 Sep 2015 11:37:38

product 2, desc4, 2 Aug 2015 1:37:38

product 2, desc4, 2 Jun 2015 9:37:38


product 2, desc4, 2 Mar 2015 11:37:38

product 9, desc1, 23 Oct 2015 11:37:38
product 5, desc2, 21 Oct 2015 19:37:38
product 3, desc3, 19 Oct 2015 11:37:38

product 4, desc4, 11 Oct 2015 11:37:38
product 1, desc5, 10 Jul 2015 18:37:38

product 8, desc4, 2 Jun 2015 11:37:38

product 9, desc4, 2 Jun 2015 12:37:38

product 10, desc4, 2 Jun 2015 11:37:38


product 7, desc4, 9 Jun 2015 1:37:38